"Site Crawled","https://almapay.com/"
"Start Date","2026-05-22"
"Start Time","14:53:27"
"Last Modified Date","2026-05-22"
"Last Modified Time","14:57:54"
"Elapsed","00:04:22"
"Report Date","2026-05-22"
"Report Time","14:57:54"
""
"Summary","URLs","% of Total","Total URLs","Total URLs Description"
"Total URLs Encountered","2383","100.00%","2383","URLs Encountered"
"Total URLs Crawled","2369","99.41%","2383","URLs Encountered"
"Total Internal blocked by robots.txt","1","0.04%","2383","URLs Encountered"
"Total External blocked by robots.txt","13","0.55%","2383","URLs Encountered"
""
"URLs Displayed","2383","100.00%","2383","URLs Displayed"
"Total Internal URLs","705","29.58%","2383","URLs Displayed"
"Total External URLs","1678","70.42%","2383","URLs Displayed"
"Total Internal Indexable URLs","640","26.86%","2383","URLs Displayed"
"Total Internal Non-Indexable URLs","65","2.73%","2383","URLs Displayed"
""
"Internal"
"All","705","100.00%","705","Internal URLs"
"HTML","644","91.35%","705","Internal URLs"
"JavaScript","28","3.97%","705","Internal URLs"
"CSS","1","0.14%","705","Internal URLs"
"Images","29","4.11%","705","Internal URLs"
"Media","0","0.00%","705","Internal URLs"
"Fonts","0","0.00%","705","Internal URLs"
"XML","2","0.28%","705","Internal URLs"
"PDF","0","0.00%","705","Internal URLs"
"Plugins","0","0.00%","705","Internal URLs"
"Other","0","0.00%","705","Internal URLs"
"Unknown","1","0.14%","705","Internal URLs"
""
"External"
"All","1678","100.00%","1678","External URLs"
"HTML","343","20.44%","1678","External URLs"
"JavaScript","0","0.00%","1678","External URLs"
"CSS","1","0.06%","1678","External URLs"
"Images","1280","76.28%","1678","External URLs"
"Media","0","0.00%","1678","External URLs"
"Fonts","0","0.00%","1678","External URLs"
"XML","0","0.00%","1678","External URLs"
"PDF","12","0.72%","1678","External URLs"
"Plugins","0","0.00%","1678","External URLs"
"Other","29","1.73%","1678","External URLs"
"Unknown","13","0.77%","1678","External URLs"
""
"Security"
"All","705","100.00%","705","All internal and non-HTML external URLs"
"HTTP URLs","0","0.00%","705","All internal and non-HTML external URLs"
"HTTPS URLs","705","100.00%","705","All internal and non-HTML external URLs"
"Mixed Content","0","0.00%","705","All internal and non-HTML external URLs"
"Form URL Insecure","0","0.00%","705","All internal and non-HTML external URLs"
"Form on HTTP URL","0","0.00%","705","All internal and non-HTML external URLs"
"Unsafe Cross-Origin Links","24","3.40%","705","All internal and non-HTML external URLs"
"Protocol-Relative Resource Links","0","0.00%","705","All internal and non-HTML external URLs"
"Missing HSTS Header","0","0.00%","705","All internal and non-HTML external URLs"
"Missing Content-Security-Policy Header","649","92.06%","705","All internal and non-HTML external URLs"
"Missing X-Content-Type-Options Header","666","94.47%","705","All internal and non-HTML external URLs"
"Missing X-Frame-Options Header","666","94.47%","705","All internal and non-HTML external URLs"
"Missing Secure Referrer-Policy Header","666","94.47%","705","All internal and non-HTML external URLs"
"Bad Content Type","0","0.00%","705","All internal and non-HTML external URLs"
""
"Response Codes"
"All","2383","100.00%","2383","All Internal & External Crawled URLs"
"Blocked by Robots.txt","14","0.59%","2383","All Internal & External Crawled URLs"
"Blocked Resource","0","0.00%","2383","All Internal & External Crawled URLs"
"No Response","11","0.46%","2383","All Internal & External Crawled URLs"
"Success (2xx)","2158","90.56%","2383","All Internal & External Crawled URLs"
"Redirection (3xx)","96","4.03%","2383","All Internal & External Crawled URLs"
"Redirection (JavaScript)","0","0.00%","2383","All Internal & External Crawled URLs"
"Redirection (Meta Refresh)","0","0.00%","2383","All Internal & External Crawled URLs"
"Redirection (HTTP Refresh)","0","0.00%","2383","All Internal & External Crawled URLs"
"Client Error (4xx)","103","4.32%","2383","All Internal & External Crawled URLs"
"Server Error (5xx)","0","0.00%","2383","All Internal & External Crawled URLs"
"Internal All","705","29.58%","2383","All Internal Crawled URLs"
"Internal Blocked by Robots.txt","1","0.04%","2383","All Internal Crawled URLs"
"Internal Blocked Resource","0","0.00%","2383","All Internal Crawled URLs"
"Internal No Response","0","0.00%","2383","All Internal Crawled URLs"
"Internal Success (2xx)","666","27.95%","2383","All Internal Crawled URLs"
"Internal Redirection (3xx)","23","0.97%","2383","All Internal Crawled URLs"
"Internal Redirection (JavaScript)","0","0.00%","2383","All Internal Crawled URLs"
"Internal Redirection (Meta Refresh)","0","0.00%","2383","All Internal Crawled URLs"
"Internal Redirection (HTTP Refresh)","0","0.00%","2383","All Internal Crawled URLs"
"Internal Redirect Chain","0","0.00%","2383","All Internal Crawled URLs"
"Internal Redirect Loop","0","0.00%","2383","All Internal Crawled URLs"
"Internal Client Error (4xx)","15","0.63%","2383","All Internal Crawled URLs"
"Internal Server Error (5xx)","0","0.00%","2383","All Internal Crawled URLs"
"External All","1678","70.42%","2383","All External Crawled URLs"
"External Blocked by Robots.txt","13","0.55%","2383","All External Crawled URLs"
"External Blocked Resource","0","0.00%","2383","All External Crawled URLs"
"External No Response","11","0.46%","2383","All External Crawled URLs"
"External Success (2xx)","1492","62.61%","2383","All External Crawled URLs"
"External Redirection (3xx)","73","3.06%","2383","All External Crawled URLs"
"External Redirection (JavaScript)","0","0.00%","2383","All External Crawled URLs"
"External Redirection (Meta Refresh)","0","0.00%","2383","All External Crawled URLs"
"External Redirection (HTTP Refresh)","0","0.00%","2383","All External Crawled URLs"
"External Client Error (4xx)","88","3.69%","2383","All External Crawled URLs"
"External Server Error (5xx)","0","0.00%","2383","All External Crawled URLs"
""
"URL"
"All","705","100.00%","705","Internal URLs"
"Non ASCII Characters","0","0.00%","705","Internal URLs"
"Underscores","2","0.28%","705","Internal URLs"
"Uppercase","594","84.26%","705","Internal URLs"
"Multiple Slashes","0","0.00%","705","Internal URLs"
"Repetitive Path","0","0.00%","705","Internal URLs"
"Contains Space","2","0.28%","705","Internal URLs"
"Internal Search","0","0.00%","705","Internal URLs"
"Parameters","4","0.57%","705","Internal URLs"
"Broken Bookmark","0","0.00%","705","Internal URLs"
"GA Tracking Parameters","2","0.28%","705","Internal URLs"
"Over 115 Characters","2","0.28%","705","Internal URLs"
""
"Page Titles"
"All","606","100.00%","606","Internal HTML pages with 2xx response"
"Missing","0","0.00%","606","Internal HTML pages with 2xx response"
"Duplicate","131","21.62%","606","Internal HTML pages with 2xx response"
"Over 60 Characters","33","5.45%","606","Internal HTML pages with 2xx response"
"Below 30 Characters","96","15.84%","606","Internal HTML pages with 2xx response"
"Over 561 Pixels","43","7.10%","606","Internal HTML pages with 2xx response"
"Below 200 Pixels","40","6.60%","606","Internal HTML pages with 2xx response"
"Same as H1","67","11.06%","606","Internal HTML pages with 2xx response"
"Multiple","0","0.00%","606","Internal HTML pages with 2xx response"
"Outside <head>","0","0.00%","606","Internal HTML pages with 2xx response"
""
"Meta Description"
"All","606","100.00%","606","Internal HTML pages with 2xx response"
"Missing","0","0.00%","606","Internal HTML pages with 2xx response"
"Duplicate","244","40.26%","606","Internal HTML pages with 2xx response"
"Over 155 Characters","32","5.28%","606","Internal HTML pages with 2xx response"
"Below 70 Characters","10","1.65%","606","Internal HTML pages with 2xx response"
"Over 985 Pixels","32","5.28%","606","Internal HTML pages with 2xx response"
"Below 400 Pixels","9","1.49%","606","Internal HTML pages with 2xx response"
"Multiple","0","0.00%","606","Internal HTML pages with 2xx response"
"Outside <head>","0","0.00%","606","Internal HTML pages with 2xx response"
""
"Meta Keywords"
"All","606","100.00%","606","Internal HTML pages with 2xx response"
"Missing","580","95.71%","606","Internal HTML pages with 2xx response"
"Duplicate","0","0.00%","606","Internal HTML pages with 2xx response"
"Multiple","0","0.00%","606","Internal HTML pages with 2xx response"
""
"H1"
"All","606","100.00%","606","Internal HTML pages with 2xx response"
"Missing","42","6.93%","606","Internal HTML pages with 2xx response"
"Duplicate","108","17.82%","606","Internal HTML pages with 2xx response"
"Over 70 Characters","48","7.92%","606","Internal HTML pages with 2xx response"
"Multiple","0","0.00%","606","Internal HTML pages with 2xx response"
"Alt Text in H1","0","0.00%","606","Internal HTML pages with 2xx response"
"Non-Sequential","0","0.00%","606","Internal HTML pages with 2xx response"
""
"H2"
"All","606","100.00%","606","Internal HTML pages with 2xx response"
"Missing","130","21.45%","606","Internal HTML pages with 2xx response"
"Duplicate","111","18.32%","606","Internal HTML pages with 2xx response"
"Over 70 Characters","47","7.76%","606","Internal HTML pages with 2xx response"
"Multiple","416","68.65%","606","Internal HTML pages with 2xx response"
"Non-Sequential","60","9.90%","606","Internal HTML pages with 2xx response"
""
"Content"
"All","606","100.00%","606","Internal HTML pages with 2xx response"
"Exact Duplicates","0","0.00%","606","Internal HTML pages with 2xx response"
"Near Duplicates","100","16.50%","606","Internal HTML pages with 2xx response"
"Semantically Similar","0","0.00%","606","Internal HTML pages with 2xx response"
"Low Relevance Content","0","0.00%","606","Internal HTML pages with 2xx response"
"Low Content Pages","141","23.27%","606","Internal HTML pages with 2xx response"
"Soft 404 Pages","0","0.00%","606","Internal HTML pages with 2xx response"
"Spelling Errors","0","0.00%","606","Internal HTML pages with 2xx response"
"Grammar Errors","0","0.00%","606","Internal HTML pages with 2xx response"
"Readability Difficult","81","13.37%","606","Internal HTML pages with 2xx response"
"Readability Very Difficult","44","7.26%","606","Internal HTML pages with 2xx response"
"Lorem Ipsum Placeholder","0","0.00%","606","Internal HTML pages with 2xx response"
""
"Images"
"All","1309","100.00%","1309","Images with 2xx response"
"Over 100 kB","465","35.52%","1309","Images with 2xx response"
"Missing Alt Text","21","1.60%","1309","Images with 2xx response"
"Missing Alt Attribute","44","3.36%","1309","Images with 2xx response"
"Alt Text Over 100 Characters","11","0.84%","1309","Images with 2xx response"
"Background Images","0","0.00%","1309","Images with 2xx response"
"Incorrectly Sized Images","0","0.00%","1309","Images with 2xx response"
"Missing Size Attributes","1057","80.75%","1309","Images with 2xx response"
""
"Canonicals"
"All","606","100.00%","606","Internal HTML or PDF pages with 2xx response"
"Contains Canonical","606","100.00%","606","Internal HTML or PDF pages with 2xx response"
"Self Referencing","603","99.50%","606","Internal HTML or PDF pages with 2xx response"
"Canonicalised","3","0.50%","606","Internal HTML or PDF pages with 2xx response"
"Missing","0","0.00%","606","Internal HTML or PDF pages with 2xx response"
"Multiple","0","0.00%","606","Internal HTML or PDF pages with 2xx response"
"Multiple Conflicting","0","0.00%","606","Internal HTML or PDF pages with 2xx response"
"Non-Indexable Canonical","2","0.33%","606","Internal HTML or PDF pages with 2xx response"
"Canonical Is Relative","0","0.00%","606","Internal HTML or PDF pages with 2xx response"
"Unlinked","0","0.00%","606","Internal HTML or PDF pages with 2xx response"
"Invalid Attribute In Annotation","0","0.00%","606","Internal HTML or PDF pages with 2xx response"
"Contains Fragment URL","0","0.00%","606","Internal HTML or PDF pages with 2xx response"
"Outside <head>","0","0.00%","606","Internal HTML or PDF pages with 2xx response"
""
"Pagination"
"All","606","100.00%","606","Internal HTML pages with 2xx response"
"Contains Pagination","0","0.00%","606","Internal HTML pages with 2xx response"
"First Page","0","0.00%","606","Internal HTML pages with 2xx response"
"Paginated 2+ Pages","0","0.00%","606","Internal HTML pages with 2xx response"
"Pagination URL Not in Anchor Tag","0","0.00%","606","Internal HTML pages with 2xx response"
"Non-200 Pagination URLs","0","0.00%","606","Internal HTML pages with 2xx response"
"Unlinked Pagination URLs","0","0.00%","606","Internal HTML pages with 2xx response"
"Non-Indexable","0","0.00%","606","Internal HTML pages with 2xx response"
"Multiple Pagination URLs","0","0.00%","606","Internal HTML pages with 2xx response"
"Pagination Loop","0","0.00%","606","Internal HTML pages with 2xx response"
"Sequence Error","0","0.00%","606","Internal HTML pages with 2xx response"
""
"Directives"
"All","666","100.00%","666","Internal URLs with 2xx response"
"Index","0","0.00%","666","Internal URLs with 2xx response"
"Noindex","25","3.75%","666","Internal URLs with 2xx response"
"Follow","0","0.00%","666","Internal URLs with 2xx response"
"Nofollow","0","0.00%","666","Internal URLs with 2xx response"
"None","0","0.00%","666","Internal URLs with 2xx response"
"NoArchive","0","0.00%","666","Internal URLs with 2xx response"
"NoSnippet","0","0.00%","666","Internal URLs with 2xx response"
"Max-Snippet","0","0.00%","666","Internal URLs with 2xx response"
"Max-Image-Preview","0","0.00%","666","Internal URLs with 2xx response"
"Max-Video-Preview","0","0.00%","666","Internal URLs with 2xx response"
"NoODP","0","0.00%","666","Internal URLs with 2xx response"
"NoYDIR","0","0.00%","666","Internal URLs with 2xx response"
"NoImageIndex","0","0.00%","666","Internal URLs with 2xx response"
"NoTranslate","0","0.00%","666","Internal URLs with 2xx response"
"Unavailable_After","0","0.00%","666","Internal URLs with 2xx response"
"Refresh","0","0.00%","644","Internal HTML pages with 2xx response"
"Outside <head>","0","0.00%","666","Internal URLs with 2xx response"
""
"Hreflang"
"All","606","100.00%","606","Internal pages with 2xx response"
"Contains hreflang","593","97.85%","606","Internal pages with 2xx response"
"Non-200 hreflang URLs","18","2.97%","606","Internal pages with 2xx response"
"Unlinked hreflang URLs","0","0.00%","606","Internal pages with 2xx response"
"Missing Return Links","32","5.28%","606","Internal pages with 2xx response"
"Inconsistent Language & Region Return Links","0","0.00%","606","Internal pages with 2xx response"
"Non-Canonical Return Links","0","0.00%","606","Internal pages with 2xx response"
"Noindex Return Links","25","4.13%","606","Internal pages with 2xx response"
"Incorrect Language & Region Codes","0","0.00%","606","Internal pages with 2xx response"
"Multiple Entries","0","0.00%","606","Internal pages with 2xx response"
"Missing Self Reference","32","5.28%","606","Internal pages with 2xx response"
"Not Using Canonical","0","0.00%","606","Internal pages with 2xx response"
"Missing X-Default","388","64.03%","606","Internal pages with 2xx response"
"Missing","13","2.15%","606","Internal pages with 2xx response"
"Outside <head>","0","0.00%","606","Internal pages with 2xx response"
""
"JavaScript"
"All","606","100.00%","606","Internal HTML pages with 2xx response"
"Pages with Blocked Resources","0","0.00%","606","Internal HTML pages with 2xx response"
"Contains JavaScript Links","0","0.00%","606","Internal HTML pages with 2xx response"
"Contains JavaScript Content","0","0.00%","606","Internal HTML pages with 2xx response"
"Noindex Only in Original HTML","0","0.00%","606","Internal HTML pages with 2xx response"
"Nofollow Only in Original HTML","0","0.00%","606","Internal HTML pages with 2xx response"
"Canonical Only in Rendered HTML","0","0.00%","606","Internal HTML pages with 2xx response"
"Canonical Mismatch","0","0.00%","606","Internal HTML pages with 2xx response"
"Page Title Only in Rendered HTML","0","0.00%","606","Internal HTML pages with 2xx response"
"Page Title Updated by JavaScript","0","0.00%","606","Internal HTML pages with 2xx response"
"Meta Description Only in Rendered HTML","0","0.00%","606","Internal HTML pages with 2xx response"
"Meta Description Updated by JavaScript","0","0.00%","606","Internal HTML pages with 2xx response"
"H1 Only in Rendered HTML","0","0.00%","606","Internal HTML pages with 2xx response"
"H1 Updated by JavaScript","0","0.00%","606","Internal HTML pages with 2xx response"
"Uses Old AJAX Crawling Scheme URLs","0","0.00%","606","Internal HTML pages with 2xx response"
"Uses Old AJAX Crawling Scheme Meta Fragment Tag","0","0.00%","606","Internal HTML pages with 2xx response"
"Pages with JavaScript Errors","0","0.00%","606","Internal HTML pages with 2xx response"
"Pages with JavaScript Warnings","0","0.00%","606","Internal HTML pages with 2xx response"
"Pages with Chrome Issues","0","0.00%","606","Internal HTML pages with 2xx response"
""
"Links"
"All","606","100.00%","606","Internal HTML pages with 2xx response"
"Pages With Uncrawlable Internal Outlinks","0","0.00%","606","Internal HTML pages with 2xx response"
"Pages With High Crawl Depth","310","51.16%","606","Internal HTML pages with 2xx response"
"Pages Without Internal Outlinks","0","0.00%","606","Internal HTML pages with 2xx response"
"Internal Nofollow Outlinks","3","0.50%","606","Internal HTML pages with 2xx response"
"Internal Outlinks With No Anchor Text","602","99.34%","606","Internal HTML pages with 2xx response"
"Non-Descriptive Anchor Text In Internal Outlinks","4","0.66%","606","Internal HTML pages with 2xx response"
"Pages With High External Outlinks","193","31.85%","606","Internal HTML pages with 2xx response"
"Pages With High Internal Outlinks","0","0.00%","606","Internal HTML pages with 2xx response"
"Follow & Nofollow Internal Inlinks To Page","1","0.17%","606","Internal HTML pages with 2xx response"
"Internal Nofollow Inlinks Only","0","0.00%","606","Internal HTML pages with 2xx response"
"Outlinks To Localhost","0","0.00%","606","Internal HTML pages with 2xx response"
"Non-Indexable Page Inlinks Only","0","0.00%","606","Internal HTML pages with 2xx response"
""
"AMP"
"All","0","0.00%","0","Internal AMP URLs"
"Non-200 Response","0","0.00%","644","Internal HTML URLs"
"Missing Non-AMP Return Link","0","0.00%","0","Internal AMP URLs"
"Missing Canonical to Non-AMP","0","0.00%","0","Internal AMP URLs"
"Non-Indexable Canonical","0","0.00%","0","Internal AMP URLs"
"Indexable","0","0.00%","0","Internal AMP URLs"
"Non-Indexable","0","0.00%","0","Internal AMP URLs"
"Missing <html amp> Tag","0","0.00%","644","Internal HTML URLs"
"Missing/Invalid <!doctype html> Tag","0","0.00%","0","Internal AMP URLs"
"Missing <head> Tag","0","0.00%","0","Internal AMP URLs"
"Missing <body> Tag","0","0.00%","0","Internal AMP URLs"
"Missing Canonical","0","0.00%","0","Internal AMP URLs"
"Missing/Invalid <meta charset> Tag","0","0.00%","0","Internal AMP URLs"
"Missing/Invalid <meta viewport> Tag","0","0.00%","0","Internal AMP URLs"
"Missing/Invalid AMP Script","0","0.00%","0","Internal AMP URLs"
"Missing/Invalid AMP Boilerplate","0","0.00%","0","Internal AMP URLs"
"Contains Disallowed HTML","0","0.00%","0","Internal AMP URLs"
"Other Validation Errors","0","0.00%","0","Internal AMP URLs"
""
"Structured Data"
"All","606","100.00%","606","Internal HTML pages with 2xx response"
"Contains Structured Data","606","100.00%","606","Internal HTML pages with 2xx response"
"Missing","0","0.00%","606","Internal HTML pages with 2xx response"
"Validation Errors","345","56.93%","606","Internal HTML pages with 2xx response"
"Validation Warnings","0","0.00%","606","Internal HTML pages with 2xx response"
"Rich Result Validation Errors","81","13.37%","606","Internal HTML pages with 2xx response"
"Rich Result Validation Warnings","345","56.93%","606","Internal HTML pages with 2xx response"
"Parse Errors","316","52.15%","606","Internal HTML pages with 2xx response"
"Microdata URLs","0","0.00%","606","Internal HTML pages with 2xx response"
"JSON-LD URLs","606","100.00%","606","Internal HTML pages with 2xx response"
"RDFa URLs","0","0.00%","606","Internal HTML pages with 2xx response"
"Rich Result Feature Detected","365","60.23%","606","Internal HTML pages with 2xx response"
""
"Sitemaps"
"All","647","100.00%","647","Internal HTML/XML pages"
"URLs in Sitemap","595","91.96%","647","Internal HTML/XML pages"
"URLs not in Sitemap","10","1.55%","647","Internal HTML/XML pages"
"Orphan URLs","81","12.52%","647","Internal HTML/XML pages"
"Non-Indexable URLs in Sitemap","24","3.71%","647","Internal HTML/XML pages"
"URLs in Multiple Sitemaps","0","0.00%","647","Internal HTML/XML pages"
"XML Sitemap with over 50k URLs","0","0.00%","647","Internal HTML/XML pages"
"XML Sitemap over 50MB","0","0.00%","647","Internal HTML/XML pages"
""
"PageSpeed"
"All","606","100.00%","606","Internal HTML URLs with 2xx response"
"Document Request Latency","0","0.00%","606","Internal HTML URLs with 2xx response"
"LCP Request Discovery","0","0.00%","606","Internal HTML URLs with 2xx response"
"Render Blocking Requests","0","0.00%","606","Internal HTML URLs with 2xx response"
"Network Dependency Tree","0","0.00%","606","Internal HTML URLs with 2xx response"
"Use Efficient Cache Lifetimes","0","0.00%","606","Internal HTML URLs with 2xx response"
"Layout Shift Culprits","0","0.00%","606","Internal HTML URLs with 2xx response"
"Optimize DOM Size","0","0.00%","606","Internal HTML URLs with 2xx response"
"Improve Image Delivery","0","0.00%","606","Internal HTML URLs with 2xx response"
"Forced Reflow","0","0.00%","606","Internal HTML URLs with 2xx response"
"Legacy JavaScript","0","0.00%","606","Internal HTML URLs with 2xx response"
"Duplicated JavaScript","0","0.00%","606","Internal HTML URLs with 2xx response"
"Font Display","0","0.00%","606","Internal HTML URLs with 2xx response"
"Avoid Enormous Network Payloads","0","0.00%","606","Internal HTML URLs with 2xx response"
"Minify CSS","0","0.00%","606","Internal HTML URLs with 2xx response"
"Minify JavaScript","0","0.00%","606","Internal HTML URLs with 2xx response"
"Reduce Unused CSS","0","0.00%","606","Internal HTML URLs with 2xx response"
"Reduce Unused JavaScript","0","0.00%","606","Internal HTML URLs with 2xx response"
"Reduce JavaScript Execution Time","0","0.00%","606","Internal HTML URLs with 2xx response"
"Minimize Main-Thread Work","0","0.00%","606","Internal HTML URLs with 2xx response"
"Request Errors","0","0.00%","606","Internal HTML URLs with 2xx response"
""
"Mobile"
"All","606","100.00%","606",""
"Viewport Not Set","0","0.00%","606",""
"Target Size","0","0.00%","606",""
"Content Not Sized Correctly","0","0.00%","606",""
"Illegible Font Size","0","0.00%","606",""
"Contains Unsupported Plugins","0","0.00%","606",""
"Mobile Alternate Link","0","0.00%","606",""
""
"Accessibility"
"All","606","100.00%","606",""
"Accessibility Score Poor","0","0.00%","606",""
"Accessibility Score Needs Improvement","0","0.00%","606",""
"Accessibility Score Good","0","0.00%","606",""
"WCAG 2.0 A Violation","0","0.00%","606",""
"WCAG 2.0 AA Violation","0","0.00%","606",""
"WCAG 2.0 AAA Violation","0","0.00%","606",""
"WCAG 2.1 AA Violation","0","0.00%","606",""
"WCAG 2.2 AA Violation","0","0.00%","606",""
"Best Practice Violation","0","0.00%","606",""
"Accesskey Attribute Value Must Be Unique","0","0.00%","606",""
"Ensure Elements Marked Presentational Are Ignored","0","0.00%","606",""
"Elements Must Not Have Tabindex Greater Than Zero","0","0.00%","606",""
"Scrollable Region Requires Keyboard Access","0","0.00%","606",""
"Skip-link Target Should Exist & Be Focusable","0","0.00%","606",""
"Required ARIA Attributes Must Be Provided","0","0.00%","606",""
"Role=text Should Have No Focusable Descendants","0","0.00%","606",""
"ARIA Attribute Must Be Used As Specified For Role","0","0.00%","606",""
"ARIA Attributes Require Valid Values","0","0.00%","606",""
"ARIA Attributes Require Valid Names","0","0.00%","606",""
"ARIA Commands Require Accessible Name","0","0.00%","606",""
"ARIA Dialog & Alertdialog Require Accessible Name","0","0.00%","606",""
"ARIA Input Fields Require Accessible Name","0","0.00%","606",""
"ARIA Meter Nodes Require Accessible Name","0","0.00%","606",""
"ARIA Progressbar Nodes Require Accessible Name","0","0.00%","606",""
"ARIA Role Should Be Appropriate For Element","0","0.00%","606",""
"ARIA Roles Must Be Contained By Required Parent","0","0.00%","606",""
"ARIA Roles Require Valid Values","0","0.00%","606",""
"ARIA Toggle Fields Require Accessible Name","0","0.00%","606",""
"ARIA Tooltip Nodes Require Accessible Name","0","0.00%","606",""
"ARIA Treeitem Nodes Require Accessible Name","0","0.00%","606",""
"Certain ARIA Roles Must Contain Specific Children","0","0.00%","606",""
"Deprecated ARIA Roles Must Not Be Used","0","0.00%","606",""
"Aria-braille Require Non-braille Equivalent","0","0.00%","606",""
"Aria-hidden Elements Contains Focusable Elements","0","0.00%","606",""
"Aria-hidden=true Must Not Be Used In <body>","0","0.00%","606",""
"Elements Must Only Use Permitted ARIA Attributes","0","0.00%","606",""
"Elements Must Use Allowed ARIA Attributes","0","0.00%","606",""
"IDs Used In ARIA & Labels Must Be Unique","0","0.00%","606",""
"Page Requires Means To Bypass Repeated Blocks","0","0.00%","606",""
"All Page Content Must Be Contained By Landmarks","0","0.00%","606",""
"Page Requires One Main Landmark","0","0.00%","606",""
"Page Must Not Have More Than One Banner Landmark","0","0.00%","606",""
"Banner Landmark Must Not Be In Another Landmark","0","0.00%","606",""
"Page Must Not Have Multiple Contentinfo Landmarks","0","0.00%","606",""
"Page Requires At Most One Main Landmark","0","0.00%","606",""
"Complementary Landmarks & Asides Must Be Top Level","0","0.00%","606",""
"Contentinfo Landmark Must Be Top Level Landmark","0","0.00%","606",""
"Main Landmark Must Not Be In Another Landmark","0","0.00%","606",""
"Landmarks Require Unique Role Or Accessible Name","0","0.00%","606",""
"Form Field Must Not Have Multiple Label Elements","0","0.00%","606",""
"Form <input> Elements Require Labels","0","0.00%","606",""
"Form Elements Should Have Visible Label","0","0.00%","606",""
"Autocomplete Attribute Must Be Used Correctly","0","0.00%","606",""
"Frames Require Title Attribute","0","0.00%","606",""
"Frames Require Unique Title Attribute","0","0.00%","606",""
"Frames Should Be Tested With axe-core","0","0.00%","606",""
"Frames With Focusable Content Must Not Use tabindex=-1","0","0.00%","606",""
"Page Must Contain <title>","0","0.00%","606",""
"Page Must Contain <h1>","0","0.00%","606",""
"Heading Levels Should Only Increase By One","0","0.00%","606",""
"Headings Should Not Be Empty","0","0.00%","606",""
"Meta Viewport Should Allow Zoom & Scale Up to 500%","0","0.00%","606",""
"Meta Viewport Zoom & Scaling Disabled","0","0.00%","606",""
"HTML Element Lang Attribute Value Must Be Valid","0","0.00%","606",""
"HTML Element Requires Lang Attribute","0","0.00%","606",""
"HTML Lang & XML Lang Value Should Match","0","0.00%","606",""
"Lang Attribute Requires Valid Value","0","0.00%","606",""
"Delayed Meta Refresh Must Not Be Used","0","0.00%","606",""
"Timed Meta Refresh Must Not Exist","0","0.00%","606",""
"Image Button Requires Alternate Text","0","0.00%","606",""
"Images Require Alternate Text","0","0.00%","606",""
"<object> Elements Require Alternate Text","0","0.00%","606",""
"Active <area> Elements Require Alternate Text","0","0.00%","606",""
"Alt Text Should Not Be Repeated As Text","0","0.00%","606",""
"Elements Marked role=img Require Alternate Text","0","0.00%","606",""
"SVG Images & Graphics Require Accessible Text","0","0.00%","606",""
"Server-Side Image Maps Must Not Be Used","0","0.00%","606",""
"<video> Elements Require <track> For Captions","0","0.00%","606",""
"<video> or <audio> Elements Must Not Auto-play","0","0.00%","606",""
"Buttons Require Discernible Text","0","0.00%","606",""
"Input Buttons Require Discernible Text","0","0.00%","606",""
"Inline Text Spacing Must Be Adjustable","0","0.00%","606",""
"Links Must Be Distinguishable","0","0.00%","606",""
"Links Require Discernible Text","0","0.00%","606",""
"Links With Same Accessible Name","0","0.00%","606",""
"Select Element Requires Accessible Name","0","0.00%","606",""
"Summary Elements Require Discernible Text","0","0.00%","606",""
"Deprecated <marquee> Element Must Not Be Used","0","0.00%","606",""
"<blink> Elements Deprecated & Must Not Be Used","0","0.00%","606",""
"Text Requires Higher Color Contrast Ratio","0","0.00%","606",""
"Text Requires Higher Color Contrast to Background","0","0.00%","606",""
"Touch Targets Require Sufficient Size & Spacing","0","0.00%","606",""
"Interactive Controls Must Not Be Nested","0","0.00%","606",""
"List Items Must Be Contained In List Elements","0","0.00%","606",""
"Lists Must Only Contain <li> Content Elements","0","0.00%","606",""
"<dl> Must Only Have Ordered <dt> & <dd> Groups","0","0.00%","606",""
"<dt> & <dd> Elements Must Be Contained by <dl>","0","0.00%","606",""
"<th> Element Requires Associated Data Cells","0","0.00%","606",""
"Table Header Attr Must Refer To Cell In Same Table","0","0.00%","606",""
"Table Headers Require Discernible Text","0","0.00%","606",""
"Table With Identical Summary & Caption Text","0","0.00%","606",""
"Scope Attribute Should Be Used Correctly On Tables","0","0.00%","606",""
""
"Custom Search"
"All","606","100.00%","606","Internal HTML pages with 2xx response"
""
"Custom Extraction"
"All","606","100.00%","606","Internal HTML pages with 2xx response"
""
"Custom JavaScript"
"All","666","100.00%","666","Internal HTML pages with 2xx response"
""
"Analytics"
"All","645","100.00%","645","Internal URLs with associated Google Analytics data"
"Sessions Above 0","0","0.00%","645","Internal URLs with associated Google Analytics data"
"Bounce Rate Above 70%","0","0.00%","645","Internal URLs with associated Google Analytics data"
"No GA Data","0","0.00%","645","Internal URLs with associated Google Analytics data"
"Non-Indexable with GA Data","0","0.00%","645","Internal URLs with associated Google Analytics data"
"Orphan URLs","0","0.00%","645","Internal URLs with associated Google Analytics data"
""
"Search Console"
"All","645","100.00%","645","Internal URLs with associated Google Search Console data"
"Clicks Above 0","0","0.00%","645","Internal URLs with associated Google Search Console data"
"No Search Analytics Data","0","0.00%","645","Internal URLs with associated Google Search Console data"
"Non-Indexable with Search Analytics Data","0","0.00%","645","Internal URLs with associated Google Search Console data"
"Orphan URLs","0","0.00%","645","Internal URLs with associated Google Search Console data"
"URL is Not on Google","0","0.00%","645","Internal URLs with associated Google Search Console data"
"Indexable URL Not Indexed","0","0.00%","645","Internal URLs with associated Google Search Console data"
"URL is on Google But Has Issues","0","0.00%","645","Internal URLs with associated Google Search Console data"
"User-Declared Canonical Not Selected","0","0.00%","645","Internal URLs with associated Google Search Console data"
"Page is Not Mobile Friendly","0","0.00%","645","Internal URLs with associated Google Search Console data"
"AMP URL Invalid","0","0.00%","645","Internal URLs with associated Google Search Console data"
"Rich Result Invalid","0","0.00%","645","Internal URLs with associated Google Search Console data"
""
"Validation"
"All","705","100.00%","705","Internal URLs with 2xx response"
"Invalid HTML Elements in <head>","0","0.00%","705","Internal URLs with 2xx response"
"<body> Element Preceding <html>","0","0.00%","705","Internal URLs with 2xx response"
"<head> Not First In <html> Element","0","0.00%","705","Internal URLs with 2xx response"
"Missing <head> Tag","0","0.00%","705","Internal URLs with 2xx response"
"Multiple <head> Tags","0","0.00%","705","Internal URLs with 2xx response"
"Missing <body> Tag","0","0.00%","705","Internal URLs with 2xx response"
"Multiple <body> Tags","0","0.00%","705","Internal URLs with 2xx response"
"HTML Document Over 2MB","0","0.00%","705","Internal URLs with 2xx response"
"Resource Over 2MB","0","0.00%","705","Internal URLs with 2xx response"
"High Carbon Rating","0","0.00%","705","Internal URLs with 2xx response"
""
"Link Metrics"
"All","659","100.00%","659","Internal HTML/PDF pages"
""
"AI"
"All","666","100.00%","666","Internal HTML URLs with 2xx response"
""
""
"Depth (Clicks from Start URL)"
"0","1","0.17%","606","Internal HTML pages with 2xx response"
"1","24","3.96%","606","Internal HTML pages with 2xx response"
"2","140","23.10%","606","Internal HTML pages with 2xx response"
"3","111","18.32%","606","Internal HTML pages with 2xx response"
"4","223","36.80%","606","Internal HTML pages with 2xx response"
"5","6","0.99%","606","Internal HTML pages with 2xx response"
"6","0","0.00%","606","Internal HTML pages with 2xx response"
"7","0","0.00%","606","Internal HTML pages with 2xx response"
"8","0","0.00%","606","Internal HTML pages with 2xx response"
"9","0","0.00%","606","Internal HTML pages with 2xx response"
"10+","0","0.00%","606","Internal HTML pages with 2xx response"
""
"Inlinks (Top 20 URLs)"
"https://almapay.com/","602","99.34%","606","Internal HTML pages with 2xx response"
"https://almapay.com/pt-PT","496","81.85%","606","Internal HTML pages with 2xx response"
"https://almapay.com/nl-BE","484","79.87%","606","Internal HTML pages with 2xx response"
"https://almapay.com/fr-LU","484","79.87%","606","Internal HTML pages with 2xx response"
"https://almapay.com/fr-BE","476","78.55%","606","Internal HTML pages with 2xx response"
"https://almapay.com/de-DE","459","75.74%","606","Internal HTML pages with 2xx response"
"https://almapay.com/nl-NL","456","75.25%","606","Internal HTML pages with 2xx response"
"https://almapay.com/es-ES","441","72.77%","606","Internal HTML pages with 2xx response"
"https://almapay.com/fr-FR","382","63.04%","606","Internal HTML pages with 2xx response"
"https://almapay.com/it-IT","380","62.71%","606","Internal HTML pages with 2xx response"
"https://almapay.com/fr-FR/legal/politique-de-confidentialite","298","49.17%","606","Internal HTML pages with 2xx response"
"https://almapay.com/fr-FR/legal/mentions-legales","298","49.17%","606","Internal HTML pages with 2xx response"
"https://almapay.com/global","298","49.17%","606","Internal HTML pages with 2xx response"
"https://almapay.com/fr-FR/tarifs","295","48.68%","606","Internal HTML pages with 2xx response"
"https://almapay.com/fr-FR/clients","294","48.51%","606","Internal HTML pages with 2xx response"
"https://almapay.com/fr-FR/demo","293","48.35%","606","Internal HTML pages with 2xx response"
"https://almapay.com/fr-FR/produits/le-paiement-en-2-3-ou-4-fois","293","48.35%","606","Internal HTML pages with 2xx response"
"https://almapay.com/fr-FR/nous-contacter","293","48.35%","606","Internal HTML pages with 2xx response"
"https://almapay.com/fr-FR/blog","293","48.35%","606","Internal HTML pages with 2xx response"
"https://almapay.com/fr-FR/solutions/en-boutique","292","48.18%","606","Internal HTML pages with 2xx response"
""
"Response Time (Seconds)","URLs","% of Total"
"1","702","99.72%"
"2","2","0.28%"
